,방송
,
예능,688
추천,177
채널,156
다큐,132
순위,115
다큐멘터리,107
프로그램,81
영화,67
시청률,67
드라마,48
중국,39
방송,39
화,33
시즌,32
위,31
나,26
편,24
오늘,20
다큐프라임,20
출연,20
프로,20
요즘,19
넷플릭스,18
내,18
회수,18
기,17
더,16
피플,16
여행,16
도시,16
주,16
다시,16
재미있는,16
토요일,15
형님,15
굿,15
괜찮아,15
하트,14
영상,14
관람,14
우리,14
어부,14
시청,14
민박,14
시그널,13
줄거리,13
보고,13
요리,13
너,13
첫,13
자연,13
관찰,13
일본,13
효리,13
스페셜,12
남자,12
한국,12
부,12
동상,12
이몽,12
케이블,12
제,11
일요,11
음악,11
냉장고,11
부탁,11
무한도전,11
입니다,11
금요일,11
프로젝트,11
맨,11
생생,11
있고,11
수요일,11
금,10
토,10
신규,10
감상,10
회,10
막걸리,10
학교,10
끼,10
특집,10
일요일,10
새,10
그냥,10
플레이,9
그,9
제작,9
영화제,9
아이콘택트,9
취향,9
집,9
신입사원,9
탄생,9
클럽,9
시사,9
이야기,9
지붕,9
슈가,9
크라임씬,9
감성,9
촬영,9
청춘,9
아빠,9
월요일,9
시사회,9
속,9
프뢰벨,9
주간,9
저녁,9
비정상회담,8
문제,8
볼,8
트래블러,8
캠핑,8
등,8
스토리,8
재밌는,8
책,8
새로운,8
가족,8
웨딩,8
최고,8
의,8
사랑,8
방,8
브랜드,8
외,7
강호동,7
꿀잼,7
정,7
저격,7
선데이,7
김희철,7
주말,7
웹,7
체험,7
역사,7
본식,7
비,7
쇼,7
런닝맨,7
밤,7
세미나,7
이제,7
인기,7
마리,7
연애,6
전,6
번역,6
좋은,6
기획,6
스타,6
마켓,6
말,6
퀸,6
눈물,6
범인,6
마이,6
보컬,6
첫방송,6
로스트,6
투유,6
본색,6
정보,6
서유기,6
도전,6
시청자,6
신작,6
종편,6
배우,6
영어,6
강,6
리얼,6
애,6
사람,6
쇼핑,6
국제,6
탈출,6
대세,5
아들,5
공부,5
스포,5
친구,5
생활,5
유,5
서울,5
안,5
개밥,5
히든싱어,5
대박,5
트롯,5
청년,5
수,5
바로,5
부작,5
바다,5
리틀,5
재방송,5
조선,5
가성,5
운,5
마음,5
보기,5
기대,5
자본주의,5
뉴스,5
개,5
혼자,5
상영,5
주년,5
방영,5
부자,5
소식,5
월,5
평판,5
계약,5
이벤트,5
발표,5
시선,5
여자,5
슈퍼,5
밴드,5
아이,5
합격,5
차,5
공개,5
예고,5
라이온킹,5
시작,4
퀴즈,4
워크맨,4
발라드,4
라디오스타,4
피,4
철,4
세계,4
연구소,4
개묘,4
낚시,4
빅뱅,4
미스터,4
선호,4
주차,4
세상,4
때,4
꿈,4
인간,4
탐구,4
및,4
타고,4
캠퍼스,4
올림피아드,4
타임,4
어디,4
전쟁,4
완전,4
시세,4
게임,4
리,4
대표,4
정리,4
우정,4
현장,4
남,4
리얼리티,4
뭐,4
서포터즈,4
제품,4
구석,4
열,4
시간,4
소개,4
인생,4
시험,4
나혼자산다,4
박,4
캠페인,4
레전드,4
돈,4
놀라운,4
아이유,4
블로그,4
진,4
등장,4
지방,4
워,4
예정,4
후지,4
제록스,4
공감,4
별,4
섭외,4
프린터,4
듀스,4
하성,4
톱,4
가수,4
자원,4
마지막,4
후,3
목요일,3
옥탑방,3
이수근,3
엠넷,3
호구,3
블럭,3
게스트,3
연대기,3
스포츠,3
촬영후기,3
미스,3
노래,3
기자간담회,3
왜,3
영국,3
맛,3
이상민,3
스타트업,3
신들,3
모집,3
찰떡,3
콤비,3
비긴,3
어게인,3
갤럽,3
베스트,3
결산,3
프라임,3
서바이벌,3
달,3
원,3
푸드,3
먹방,3
노무현,3
법,3
로펌,3
비행기,3
뮤직,3
테일,3
걸그룹,3
트와이스,3
분석,3
이방인,3
상반기,3
파티,3
실화,3
터,3
일,3
신사고,3
수능,3
새끼,3
책방,3
어촌,3
집밥,3
백선생,3
핑클,3
연출,3
시네마,3
쿠키,3
와인,3
드,3
대신,3
위대한,3
인테리어,3
전체관람가,3
기억,3
권,3
삶,3
나영석,3
불탄,3
자리,3
번개,3
출사,3
앙코르,3
솔직,3
미국,3
독서,3
화요일,3
랜드,3
님,3
발대식,3
살,3
랭킹,3
가장,3
교육,3
진행,3
식구,3
수요,3
조현병,3
당사자,3
확정,3
잡스,3
산다,3
불타는,3
상품,3
것,3
산,3
꽃놀이패,3
두,3
이,3
당신,3
신동엽,3
밥상,3
토크쇼,3
키,3
주요,3
편성표,3
국민,3
시티,3
점,3
뷰티,3
티비,3
목소리,3
스,3
팀,3
토크,3
종영,3
서포터스,3
리스트,3
포함,3
도깨비,3
물,3
추리,3
명성,3
정탐,3
러브,3
왕,3
쎄,3
씨,3
패피,3
스튜디오,3
유재석,3
유희열,3
완전체,3
지상파,3
다니엘,3
활약,3
오후,3
급,3
마이크로,3
닷,3
쾌남,3
난,3
손태영,3
중,3
텔,3
텔레비전,3
가희,3
육아,3
단,3
이유,3
미니,3
기록,3
공식,3
비교,3
차트,3
빅데이터,3
모임,3
지능,3
베이비,3
에이핑크,3
막국수,3
학원,3
쇼크,3
외국인,2
재밌게,2
매력,2
심,2
적신호,2
중국어,2
썸,2
없음,2
감빵,2
감동,2
있었던,2
비밀,2
참견,2
시점,2
어떻게,2
서핑,2
멀리,2
지상렬,2
혜민스님,2
사기,2
김지민,2
박시후,2
침묵,2
배지,2
류준열,2
이제훈,2
배틀,2
장면,2
유랑,2
커밍,2
추억,2
한국인,2
리포트,2
역대,2
수첩,2
극한,2
필리핀,2
진짜,2
만족,2
신,2
골목,2
혁신,2
희망,2
서민,2
있는,2
파티셰,2
니,2
최신,2
훈,2
정음,2
코리아,2
나무,2
레이스,2
광수,2
발포,2
카,2
생리,2
정의,2
법철학,2
관련,2
못,2
작품,2
그날,2
힘,2
인턴,2
가요,2
기자,2
간담,2
무료,2
재미,2
살인,2
사건,2
추신수,2
기준,2
히말라야,2
코,2
기하,2
벡터,2
능력,2
몸,2
명,2
요새,2
힐링,2
환경,2
강연,2
엔딩,2
노트,2
인디다큐페스티발,2
김종국,2
아나운서,2
김준현,2
제자,2
예복,2
맞춤,2
협찬,2
최종,2
이건,2
아르헨티나,2
감자,2
쌤,2
패키지,2
주행,2
하자,2
완벽,2
전하,2
순삭,2
강원,2
산불,2
땅,2
사진,2
승연,2
결혼,2
알,2
재미있게,2
우리동네,2
예체능,2
남다른,2
사하라,2
로,2
마오,2
뮤즐,2
싱데렐,2
아이즈,2
은비,2
취존,2
위너,2
녀,2
썰전,2
하이,2
개인,2
휴먼다큐,2
종이,2
재밌었던,2
호크,2
고백,2
칸,2
쟈니,2
크로니클,2
셰프,2
트럭,2
로드,2
듀엣,2
가요제,2
김복동,2
섬,2
공연,2
우편사업,2
진흥,2
편지,2
시대,2
꼭,2
티저,2
토이,2
성우,2
오픈,2
낙,2
기사,2
리서치,2
최후,2
널,2
김숙,2
재밌다,2
끝,2
고양이,2
문,2
젠틀,2
맨입,2
이영돈,2
젠틀맨,2
소통,2
공유,2
종합,2
연쇄,2
주제,2
네이버,2
세대,2
통합,2
프리뷰,2
결말,2
해석,2
작가,2
평점,2
인류,2
한반도,2
공룡,2
집중,2
스카이,2
쇼미더머니,2
라이브러리,2
캡쳐,2
귀,2
캔디,2
미디어,2
엑스,2
국내,2
예고편,2
눈,2
위안부,2
제국,2
사례,2
결과,2
서류,2
신청,2
스타트,2
본방,2
본격,2
매니저,2
인사이트,2
설명,2
배달,2
추석,2
판,2
슈퍼주니어,2
도레미,2
복면,2
위주,2
크리스마스,2
뉴욕,2
얼음,2
창사,2
여성,2
구매,2
거짓말,2
우주,2
줄,2
플러스,2
정치,2
아이돌,2
여행기,2
제작발표회,2
광고,2
유키스,2
동호,2
글,2
기능,2
뚜르,2
활용,2
코스모스,2
간략,2
크로스,2
라인업,2
사,2
스케치북,2
개봉,2
알파,2
최초,2
안정환,2
라이프,2
미,2
잘생긴,2
나발,2
루,2
체인지,2
온,2
패션,2
지프,2
남매,2
대한민국,2
황금어장,2
대주,2
덩케르크,2
같은,2
혼놀,2
선,2
대전,2
감독,2
거인,2
어깨,2
겸,2
태민,2
뮤지션,2
콜드플레이,2
인공,2
소녀,2
무엇,2
새로,2
엠카운트다운,2
남산,2
부장,2
오래된,2
팬,2
실사판,2
선물,2
영화리뷰,2
그대,2
도플갱어,2
회복,2
종현,2
교실,2
어디가,2
사이트,2
노,2
제휴,2
멤버,2
출산,2
활동,2
여,2
정은지,2
정답,2
모두,2
관심,2
상승,2
이효리,2
하반기,2
점령,2
임영웅,2
탁,2
동화,2
창원,2
김생민,2
재,2
주의,2
박지현,2
보지,2
이수영,2
면접,2
프린트,2
박지훈,2
토익,2
희,2
퀸덤,1
덜,1
불편한,1
조합,1
실험,1
블라인드,1
바디,1
도장,1
없는,1
티빙,1
소개팅,1
박명수,1
산들,1
홍진경,1
화원,1
전지,1
메이트,1
유튜브,1
엑소,1
서막,1
솔직함이,1
연구생,1
민,1
문래동,1
아메리카,1
테일러,1
스위프트,1
예수,1
정진경,1
파이널,1
테이블,1
나쁜,1
간호사,1
유럽,1
산악,1
알베르토,1
사연,1
멕시코,1
부동산,1
눈맞춤,1
영광,1
황금,1
쿠바,1
창업,1
직거래,1
어서,1
을해,1
순,1
창,1
능력자,1
대국민,1
놀이,1
보아,1
전설,1
골키퍼,1
좋다,1
개년,1
추출,1
연간,1
최고선,1
호도,1
비정규직,1
직업,1
바나나,1
농장,1
택용,1
전기요금,1
진실,1
목,1
추적,1
고객,1
실태,1
장사,1
로스쿨,1
개천,1
용인,1
토닥토닥,1
동네,1
스님,1
갑부,1
매출,1
강대국,1
긴장,1
살림,1
리치,1
설현,1
유행,1
심심할,1
에이,1
비식스,1
상,1
수상,1
존잼,1
애니,1
목록,1
박찬호,1
반문,1
뿌리,1
등용문,1
간단,1
먹기,1
나잇,1
트립,1
이승철,1
맘,1
이용진,1
김진,1
호용,1
진호,1
미키,1
씬,1
환자,1
소설,1
태양,1
아래,1
공장,1
사육,1
비타민,1
베,1
퍼포먼스,1
통해,1
피칭,1
참관,1
잔예,1
팩트,1
포니,1
우정은,1
마법,1
브로,1
다운로드,1
좌충우돌,1
명의,1
퇴근,1
짜릿한,1
데이트,1
선공,1
최홍만,1
까닭,1
츄,1
일러스트,1
과,1
열정,1
자화상,1
심리,1
경찰,1
달달,1
함,1
가득,1
텍사스,1
오타쿠,1
같은데,1
자꾸,1
홀로,1
현재,1
모음,1
뽀송,1
돌잔치,1
아리엘,1
맘쏙,1
스냅,1
엄홍길,1
고,1
박무,1
택,1
비비안,1
마이어,1
이민자,1
대한,1
디네,1
파라과이,1
색깔,1
호화,1
캐스팅,1
있다,1
봉오동전투,1
협조,1
정성,1
유니,1
어버이날,1
이경규,1
이덕화,1
이태곤,1
중국음식,1
좋아하시는,1
분,1
해오,1
늘뭐,1
삼,1
이태리,1
오징어,1
순대집,1
이탈리아,1
찌개,1
잡채,1
숙박,1
달팽이,1
호텔,1
깨알,1
퍼스트,1
갑,1
톡,1
강력,1
하얀,1
정글,1
윤형근,1
그닥,1
호불호,1
사진가,1
청심국제고,1
조수빈,1
재등판,1
효능,1
신동,1
청담,1
강남,1
정장,1
풍문,1
목전,1
결선,1
진출,1
오피스,1
지구인,1
라이브,1
우리나라,1
최고다,1
존심,1
부심,1
묵은지,1
삼겹살,1
두부,1
나라,1
동엽신,1
현빈,1
사법,1
착하,1
게살,1
그것,1
알고싶다,1
신상,1
일주,1
이웃집,1
찰스,1
죽음,1
이서진,1
유돈노,1
오분,1
연재,1
와트,1
언론,1
처참한,1
조작,1
북한,1
백두대간,1
아릅답도,1
따라서,1
가추,1
해양,1
쉼표,1
산사,1
다큐공감,1
장려,1
실로폰,1
신잡,1
소년,1
계획,1
잔잔하고,1
평화로운,1
유학,1
다운타운,1
난장판,1
디저트,1
만들기,1
친한,1
대만,1
헤미데,1
망대,1
트윈스,1
톡톡,1
투모로우,1
여름방학,1
어린이,1
아마조니아,1
독립영화,1
배급사,1
모래,1
흥행,1
작,1
범자,1
뉴스타파,1
최승호,1
서태지,1
심포니,1
광화문,1
광장,1
하이파이브,1
북카페,1
개국,1
탤런트,1
이동준,1
입사,1
진의,1
대작,1
강성연,1
묵직한,1
입담,1
커피,1
사회,1
초년,1
생,1
관점,1
샘해밍턴,1
스틸컷,1
입성,1
이진혁,1
혼족,1
어플,1
반달,1
고레,1
히로,1
와,1
특별한,1
번방,1
팬텀,1
싱어,1
프로듀서,1
밀실,1
우결,1
소소한,1
잡담,1
퀄리티,1
대중문화,1
비평,1
스톤헨지,1
김고은,1
귀걸이,1
누구,1
매치,1
재밌어,1
잼,1
연봉,1
총선,1
전북,1
개표,1
일대기,1
그린,1
교사,1
에세이,1
방개,1
북비,1
플레이어,1
안되는,1
핵인,1
복,1
한잔,1
비어,1
떡,1
정윤철,1
오락,1
밥,1
도둑,1
젝스키스,1
황우슬혜,1
림,1
만물,1
힌츠페터,1
잡지인,1
호,1
팬톤,1
그림자,1
통역,1
일본어,1
농부,1
토플,1
엠비씨,1
완성,1
높았던,1
에녹,1
쓰기,1
여인,1
머리,1
리다,1
성공,1
이직,1
필요한,1
손담비,1
포스터,1
킷,1
강하늘,1
안재홍,1
옹,1
한지,1
강릉,1
옹기종기,1
모,1
볼거리,1
보람,1
임창정,1
미혼,1
일반인,1
방송사,1
기업체,1
일간,1
송해,1
펌,1
김현중,1
모바일,1
기업,1
궁금한,1
천사,1
의사,1
할인,1
방법,1
시인,1
툰드라,1
다른,1
가능하다,1
이동,1
동물원,1
동물,1
수학,1
업체,1
용산참사,1
공동,1
정범,1
당혹스러운,1
리지,1
탐색,1
송은이,1
귀여운,1
마노,1
가시,1
그랑프리,1
탁재훈,1
이수민,1
백종원,1
가율,1
샘킴,1
살빠질,1
톰얌,1
흑백사진,1
넷,1
플렉스,1
라스트,1
댄스,1
반드시,1
마이클,1
조던,1
방울,1
벼랑,1
마라,1
루카,1
노타,1
소름,1
장편,1
행자,1
곽명우님,1
우울증,1
아동학대,1
가산,1
구로,1
디지털,1
단지,1
한번,1
해피엔딩,1
만복,1
김현욱,1
굿모닝,1
인스타,1
예술가,1
엠,1
우드,1
무작정,1
하라,1
워터,1
걸스,1
구원,1
건강,1
레시피,1
공간,1
스타일,1
막강,1
프리,1
바람,1
향,1
고정,1
박기원,1
인의,1
요청,1
샤니,1
팬케이크,1
글로벌,1
천지일보,1
세븐,1
틴,1
내정,1
떡볶이,1
레트로,1
열풍,1
나가수,1
스티브잡스,1
파워블로거,1
오브,1
고스트,1
해,1
단식,1
우수,1
한경직,1
웨,1
이스트,1
플라스틱,1
나은,1
취준생들,1
원고,1
제로,1
베이스,1
안보,1
오뉴월,1
뒤늦게,1
예뻐지는,1
킨키키즈,1
붕부붕,1
정진운,1
스테이,1
김희선,1
정용화,1
화사,1
뭉탱이,1
더지니어스,1
설정,1
꿀,1
달콤해,1
부재,1
국가,1
없었다,1
일상,1
이욱,1
인디펜던스,1
데이,1
써전,1
봉하,1
자의,1
슬픈,1
서양,1
입체,1
빌딩,1
플랜,1
신규영,1
홀릭,1
동아,1
뉴스스테이션,1
명품,1
몰래카메라,1
미사,1
퇴조,1
안이한,1
씁쓸한,1
해피투게더,1
터치,1
패밀리,1
송,1
교양,1
기념,1
신나는,1
남희석,1
권상우,1
자소,1
라이카,1
협업,1
영업,1
중단,1
소득,1
층,1
아동,1
사수,1
엠블랙,1
박효주,1
물의,1
날,1
절약,1
습관,1
자연인,1
농업,1
있니,1
재밌어요,1
임정,1
방식,1
공사,1
창립,1
기다림,1
체결,1
민주주의,1
간단한,1
평,1
스캔,1
설치,1
경정,1
앱,1
사용,1
꼬치,1
햄버거,1
상금,1
캐처,1
성한,1
한가위,1
연휴,1
해외여행,1
배우자,1
한식대첩,1
고수,1
외전,1
그대로,1
빚,1
엄마,1
몫,1
슈퍼맨,1
쌍둥이,1
서준이,1
궁금함을,1
동시,1
자극,1
있을까,1
고창,1
모내기,1
세,1
휴먼,1
기적,1
픽프,1
마스터피스,1
대륙,1
사진작가,1
바스,1
슬링,1
가방,1
걸작,1
괴물,1
인왕산,1
삽화,1
정선,1
병연,1
지브리,1
광기,1
왕국,1
이유리,1
연정훈,1
주연,1
토드,1
라마,1
연세대,1
고려대,1
식당,1
결방,1
고승,1
변호사,1
팀전,1
이시훈,1
벽,1
선반,1
충전,1
채정안,1
로브,1
독하고,1
적,1
동침,1
바버,1
황광희,1
자켓,1
멋있다,1
비냘레스,1
두유,1
둘,1
버스,1
음성,1
착하게,1
실,1
모닝,1
레터,1
돌직구,1
위기,1
편집,1
업로드,1
눈길,1
지난주,1
미야노,1
마모루,1
상한,1
창조,1
식약처,1
관리,1
방사,1
능,1
아트,1
앤,1
행복,1
신천지,1
복합기,1
구입,1
생애,1
미래,1
짧은,1
부족,1
현대인,1
문화,1
오지,1
가볍게,1
꽃,1
할배,1
누나,1
응급,1
실행,1
시리즈,1
낭낭,1
주관,1
설,1
파일럿,1
연습생,1
음악중심,1
에스에프,1
나인,1
칼,1
군무,1
특급,1
신인,1
김우석,1
최,1
낙타,1
훈훈한,1
비주,1
얼,1
아프리카,1
호동,1
속초,1
뒤늦은,1
인비져블맨,1
있음,1
진정,1
유한킴벌리,1
대학생,1
아쉬운,1
바이칼,1
목민관,1
다산,1
정약용,1
차이나,1
희영,1
지음,1
반장,1
경수진,1
유투브,1
부모,1
여파,1
녹화취소,1
머슴,1
은퇴,1
근황,1
이혼,1
툴레,1
모션,1
최대,1
소지원,1
긱스,1
타,1
게이,1
밍,1
기어,1
웰컴,1
투,1
시월드,1
이채,1
담,1
성인,1
즐거워,1
세리,1
착한,1
김성주,1
뜨거운,1
네모,1
서민정,1
케미,1
윤정수,1
커플,1
미시우,1
뉴이스트,1
둘째,1
완료,1
음원,1
저렴한,1
레이저,1
강아지,1
취재,1
결정,1
지휘자,1
땡큐,1
마스터,1
킴,1
유아,1
포토,1
도쿄,1
애옆,1
일본인,1
미개,1
김병지,1
축구선수,1
데이팅,1
망원,1
시장,1
신기한,1
먹거리,1
억,1
이의,1
봄바람,1
조진웅,1
하드,1
캐리,1
소희,1
채경,1
헬스장,1
최지우,1
김하늘,1
비욘드,1
에뛰드,1
네이처리퍼블릭,1
버라이어티,1
진심,1
갈림길,1
아내,1
시간대,1
함소원,1
무전,1
멜로,1
체질,1
명대사,1
아우성,1
포경,1
맛집,1
기행,1
백두산,1
매탄동,1
똥,1
고집,1
문신,1
제거,1
개선,1
거장,1
코타키나발루,1
트레킹,1
동남아,1
최고봉,1
지구촌,1
뮤즈,1
리복,1
아우,1
윤아영,1
탈북,1
연예인,1
장도연,1
패딩,1
묘,1
기복,1
집의,1
만,1
손석희,1
포기,1
장성규,1
동서대,1
교수,1
학생,1
참여,1
나눔,1
공지,1
머슬,1
가상,1
취업,1
성유리,1
얄미울,1
있었지만,1
미안했다,1
패떴,1
무도,1
껑충,1
음메,1
닐슨,1
수도권,1
풀,1
버전,1
애프터스쿨,1
방송출연,1
알짜,1
손흥민,1
손,1
프롤로그,1
피해,1
대해,1
평범해서,1
린다,1
모유,1
잔,1
혹사,1
가까웠던,1
아이맥스,1
진화,1
스마트,1
도서,1
화학,1
일별,1
월화,1
목금,1
토일,1
라이프타임,1
라라,1
뻥,1
집콕,1
리코더,1
홈,1
주식,1
제니,1
박신양,1
가보,1
목보,1
방청,1
신예,1
루키,1
고민,1
시가,1
히든,1
존박,1
발전,1
미리보기,1
궁금하네,1
호점,1
숯골,1
냉면,1
짧아서,1
시민,1
청,1
신부,1
대기실,1
태건,1
히틀러,1
조금,1
앓이,1
신우,1
보헤미안,1
랩소디,1
락알못,1
이브생로랑,1
머니,1
멀,1
에필로그,1
공존,1
여정,1
의미,1
두마,1
족,1
소유,1
매운,1
닭발,1
유리,1
이혜영,1
이종혁,1
소유진,1
딘트,1
초대,1
손님,1
스파이크,1
한은정,1
캐리어,1
시에라,1
동아마라톤,1
한글날,1
신소율,1
박명훈,1
최대철,1
다양한,1
장악,1
샤이니,1
은혁,1
기광,1
댄서,1
출격,1
김연,1
우편,1
김연우,1
우승,1
장위안,1
랜선,1
크리에이터,1
쏭,1
하우스,1
차량,1
지원,1
궁,1
비책,1
가격,1
웨이보,1
우선,1
기기,1
슈주,1
리턴즈,1
천재,1
서평,1
성장,1
보고서,1
종로,1
센터,1
강좌,1
바둑,1
고의,1
기점,1
악도,1
시각장애인,1
틴틴파이브,1
왕자,1
누명,1
물어,1
보살,1
진지해서,1
비법,1
인문학,1
헝,1
일레븐,1
폭염,1
메세지,1
성규,1
테,1
종업,1
솔로,1
곡,1
나연,1
빅스,1
이별,1
디지몬,1
어드벤처,1
트라이,1
일등,1
공신,1
용의,1
콧물,1
엘지,1
유플러스,1
인터넷,1
결합,1
블루노트,1
레코드,1
재즈,1
저,1
메이드,1
월드,1
투어,1
콘서트,1
배경,1
멋진,1
상암,1
회의,1
견학,1
반려견,1
이번,1
태진아,1
송대관,1
이루,1
연기,1
연습,1
단체,1
초심,1
일밤,1
용감한,1
박호산,1
여름,1
아이린,1
풀이,1
관상,1
김재환,1
밍글,1
라바,1
초등학생,1
장래희망,1
요,1
황,1
치열,1
몰이,1
콘셉트,1
평가,1
프라,1
젠트,1
로션,1
도경수,1
트렌드,1
뻔한,1
라차,1
수로,1
발상,1
전환,1
임신,1
아기,1
성별,1
과정,1
뉴,1
간이,1
피로해,1
봉사활동,1
소규모,1
자체,1
양평,1
호리,1
리버,1
방문,1
메트로,1
정서,1
요양,1
존중,1
치매,1
케어,1
마가렛,1
더욱,1
움짤,1
군단,1
돈키호테,1
거리,1
만찬,1
자녀,1
속마음,1
궁금하다면,1
생각,1
히트,1
조기,1
간다,1
서민재,1
럭키,1
리츠,1
국립,1
중앙,1
박물관,1
자단,1
오정민,1
자본,1
목숨,1
어제,1
위력,1
어벤져스,1
엔드게임,1
들기름,1
비빔,1
이틀,1
일찍,1
인권,1
천연,1
가죽,1
클러치,1
케디,1
미소,1
미드,1
체르노빌,1
거짓,1
댓,1
재기,1
발랄,1
재치,1
만점,1
김기리,1
승무원,1
라인,1
가이드,1
뭘,1
혜,1
바나,1
디스,1
오하영,1
운동화,1
후유증,1
화제,1
참신한,1
시도,1
구관,1
명관,1
후임,1
알바생,1
소녀시대,1
윤아,1
운세,1
복귀,1
대로,1
위로,1
요정,1
마녀사냥,1
댄싱퀸,1
도,1
인정,1
웹하드,1
실제,1
이용,1
한국어,1
발음,1
시청율,1
형,1
발자취,1
확인,1
땐,1
박우진,1
공중파,1
끼리끼리,1
오,1
귀신,1
강추,1
우포늪,1
탄수화물,1
당분,1
설탕,1
채식,1
함정,1
곁,1
조희팔,1
마리보,1
시위,1
인터,1
랙티브,1
아주,1
핫,1
개념,1
캐치,1
이프,1
캔,1
빅,1
승진,1
데일,1
카네기,1
남일,1
상남동,1
영수증,1
어록,1
를,1
돌파,1
신혼,1
일기,1
장윤주,1
정승민,1
객,1
박초롱,1
장수,1
인방,1
유지,1
비결,1
숲속,1
작은,1
소지섭,1
박신혜,1
코미디빅리그,1
꽃보다할배,1
결코,1
어,1
글리,1
딜리셔스,1
이색,1
닥치고,1
피아노,1
더빙,1
잠시,1
발견,1
브링,1
소울,1
무비,1
똔똔,1
리버풀,1
토트넘,1
챔스,1
결승,1
다이어트,1
일지,1
홈밥,1
여러분,1
새롭게,1
특별하게,1
점퍼,1
폼,1
스토어,1
한승연,1
신현수,1
로맨스,1
표,1
여신,1
김신영,1
한혜진,1
염증,1
승인,1
의결,1
펫,1
남부,1
인간미,1
넘치는,1
오른,1
진실된,1
이선희,1
박보검,1
연예,1
구해,1
홈즈,1
쏠쏠,1
매니지먼트,1
선택,1
다르다,1
크롭,1
탑,1
나시,1
라스,1
이찬원,1
장민호,1
과거,1
주방,1
용,1
고무장갑,1
일제,1
판매,1
가지,1
윤종신,1
애드립,1
앨범,1
타카,1
쥬리,1
단독,1
노스페이스,1
배낭,1
참신,1
버클리,1
블루,1
씨야,1
시시콜콜한,1
한양,1
뒷골목,1
이주희,1
오자,1
활동가,1
산골,1
이유식,1
입자,1
초기,1
유아식,1
중독,1
원인,1
소비,1
무의식,1
퍼펙트,1
동기,1
렵,1
호스트,1
시계,1
사별,1
배틀트립,1
대구,1
단기간,1
점수,1
김정민,1
유쾌한,1
인사,1
이드,1
녀석,1
듀사,1
소,1
포레스트,1
또,1
쫄보,1
조마,1
테오,1
정신병원,1
찾기,1
예술,1
수가,1
김태호,1
광진,1
학년,1
광주,1
과학고,1
신카이,1
마코토,1
날씨,1
솔직한,1
맘스,1
클래스,1
산모,1
엔돌핀,1
한국사,1
검정,1
인천,1
노미,1
탑승,1
바이스,1
선거,1
필기,1
타샤,1
튜더,1
그녀,1
내셔널,1
지오,1
그래픽,1
특별,1
사진전,1
타이밍,1
바비킴,1
동영상,1
명랑해결단,1
국가대표,1
쇼트트랙,1
제천,1
민물,1
천명,1
낚시터,1
일본여행,1
녹화,1
바퀴,1
아이콘,1
김진환,1
보너스,1
모모,1
유인나,1
하루,1
포트,1
학과,1
입시,1
수업,1
친,1
나중,1
도움,1
상표,1
출원,1
급증,1
걸,1
스피릿,1
군,1
덕후,1
레드,1
큐,1
파일,1
이즈,1
특선영화,1
컴백,1
눈부신,1
성과,1
초동,1
신기록,1
초,1
고속,1
천만,1
뷰,1
신선한,1
소재,1
구내식당,1
방송인,1
한편,1
듯,1
커런트,1
신제품,1
노트북,1
디스커버리,1
마더,1
절망,1
철학,1
생존,1
조건,1
안내,1
치유,1
자전거,1
스폐셜,1
입양,1
반,1
파양,1
태준,1
줌,1
삼성,1
당첨,1
