추천,670
노래,616
가사,360
듣기,328
좋은,280
해석,220
음악,143
팝송,139
발라드,126
클래식,120
힙합,112
교향곡,105
번,81
아이돌,78
곡,55
감성,35
뮤비,34
모음,34
남자,33
때,30
드라마,29
영화,28
여자,27
베토벤,26
날,24
사랑,23
내,19
가을,18
명곡,17
비,17
제,17
겨울,16
신나는,16
달달,15
띵곡,14
너,14
잔잔한,13
리스트,13
단조,13
말러,13
봄,11
노래방,11
시계,11
브람스,11
슬픈,11
한국,10
나,10
장조,10
랩,10
편,10
요즘,9
재생,9
있는,9
밤,9
악장,9
좋아하는,8
리뷰,8
유명한,8
플레이,8
하루,8
의,8
분위기,8
감상,8
여행,8
공연,8
가수,8
및,8
속,8
말,8
수록,8
번역,8
팝,7
취향,7
캘리그라피,7
카페,7
시벨리우스,7
중,7
영상,7
힐링,7
중국,7
여름,7
차,7
그,7
마음,6
앨범,6
이별,6
그룹,6
느낌,6
최신,6
락,6
부활,6
더,6
메탈,6
추억,6
시작,6
새벽,6
외국,6
국내,6
운명,6
포함,5
게임,5
인기,5
뮤지컬,5
정리,5
아름다운,5
로,5
베스트,5
첨부,5
일상,5
반복,5
이,5
닉,5
우리,5
모차르트,5
차이코프스키,5
환상,5
서울시,5
향,5
소개,5
아침,5
드보르작,5
공부,5
클럽,5
대한,5
시간,5
일본,5
오늘,5
링,4
겨울왕국,4
해설,4
전,4
감미로운,4
별,4
기리보이,4
이야기,4
작품,4
번호,4
반,4
마리,4
축제,4
바람,4
다시,4
앤,4
축가,4
첫,4
비트,4
맘,4
로망스,4
개인,4
영어,4
위,4
것,4
기억,4
중독,4
알라딘,4
가지,4
생각,4
하이든,4
브루크너,4
캐롤,4
샤이니,4
주관,4
뜻,4
발매,4
위로,3
힘,3
칼,3
리드,3
있으면,3
차트,3
자극,3
한국인,3
사극,3
위대한,3
사,3
커버,3
댄스,3
안,3
오래된,3
를,3
교육,3
연속,3
오케스트라,3
초,3
음원,3
집,3
목소리,3
라이브,3
보고,3
선물,3
사람,3
수,3
흔하지,3
김,3
노래가사,3
보이,3
내일,3
잠,3
비올,3
매력,3
알앤비,3
국힙,3
운전,3
존,3
코,3
스케,3
시즌,3
설빙,3
산책,3
최애,3
선,3
넌,3
맨,3
골드,3
신곡,3
백예린,3
마마,3
무,3
옛날,3
쉬운,3
한번,3
비틀즈,3
성시경,3
니,3
애니,3
다운,3
운동,3
부산,3
재즈,3
교향악단,3
마지막,3
당신,3
찾기,3
가요,3
주의,3
스페인어,3
스페인,3
뉴이스트,3
드,3
후기,3
모짜르트,3
애니메이션,3
리메이크,3
선곡,3
저스틴비버,3
후,3
교수,3
크리스마스,3
선정,2
용기,2
부,2
레터,2
각인,2
활용,2
코난,2
그레이,2
찬,2
김세정,2
흔한,2
걸그룹,2
기타,2
예쁜,2
힘들,2
날씨,2
금요일,2
기분,2
존박,2
리쌍,2
아이,2
보컬,2
팔로알토,2
같은,2
블로그,2
아닐까,2
세,2
바,2
목,2
차이콥스키,2
슈만,2
도시,2
올드,2
맥,2
거짓말,2
헤,2
널,2
에스티,2
케이윌,2
네,2
김동률,2
감사,2
거미,2
공감,2
다비치,2
손글씨,2
비투비,2
언더그라운드,2
외힙,2
마룬,2
레논,2
장,2
쇼스타코비치,2
천인,2
스모,2
미술관,2
곁,2
생활,2
채널,2
커피,2
입문,2
커플링,2
상품,2
삶,2
위대,2
한쇼,2
뿜뿜,2
환희,2
뮤직비디오,2
위주,2
좋,2
라면,2
피아노,2
장르,2
히트,2
트랩,2
원디렉션,2
틱톡,2
롯데,2
영웅,2
나무,2
핑크,2
퐁,2
태교,2
칸타빌레,2
편집,2
재미있게,2
쇼맨,2
렛잇비,2
양,2
일,2
펀치,2
학원,2
라디오,2
도서,2
친구여,2
몽환,2
보아,2
로꼬,2
귀,2
정말,2
괜찮은,2
저녁,2
다단조,2
정기,2
연주회,2
랩소디,2
가족,2
김해,2
실력,2
파,2
김민석,2
게,2
미친,2
주,2
로맨스,2
가장,2
신상,2
학교,2
배치기,2
두번째,2
틴탑,2
알바생,2
짧고,2
글귀,2
어떻게,2
기차,2
이석훈,2
스윙스,2
불도저,2
이런,2
아리아나,2
데,2
한글,2
베를리오즈,2
이유,2
왜,2
바흐,2
평균율,2
단상,2
정보,2
만해,2
반지의제왕,2
해리포터,2
콜라보,2
센치할,2
잔잔하게,2
이문세,2
백지영,2
오반,2
라라,2
랜드,2
테일러,2
스위프트,2
콘서트,2
오픈,2
멜론,2
정,2
리즈,2
비밀,2
혼자,2
있어,2
고백,2
만큼,2
팀,2
애절한,2
꽃,2
인생,2
자동,2
카를로스,2
버,2
신세계,2
로부터,2
독일,2
스,2
라우,2
브,2
태연,2
박효신,2
아이유,2
순희,2
아파,2
입니다,2
초등,2
멋진,2
딸기,2
협회,2
인천,2
달빛천사,2
파워,2
에이치,2
엄선,2
전집,2
파티,2
연,2
요,2
아닌,2
어떤,2
한화,2
런던,2
빌보드,1
도입,1
그루비,1
문구,1
타이타닉,1
코요테,1
어,1
글리,1
러브,1
액츄얼리,1
세상,1
행복해지는,1
디즈니,1
준,1
순위,1
영화음악,1
잔잔하고,1
시험,1
기간,1
먼저,1
유혹,1
시적,1
컴백,1
남돌,1
덕후,1
주체,1
블락비,1
보기,1
드문,1
코드,1
치기,1
달,1
소녀,1
아무,1
비스트,1
유투브,1
좋고,1
해제,1
방콕,1
권정열,1
당연히,1
더숲,1
잡담,1
케이,1
정승,1
밤하늘,1
짐,1
브릭,1
이수,1
왕복,1
드렁큰타이거,1
뽕짝,1
에픽하이,1
충만,1
필쏘굿,1
지원,1
제목,1
크리스,1
티안,1
모음곡,1
리하,1
르트,1
슈트라우스,1
닐센,1
단순,1
루드,1
금,1
표트르,1
일리치,1
에네스쿠,1
대콘,1
녹음,1
현장,1
공개,1
간장,1
맛,1
달랐다,1
토,1
회,1
이럴,1
땐,1
상황,1
적절한,1
문화,1
실험실,1
공간,1
무료,1
상식,1
박수,1
칠,1
타이밍,1
봄방학,1
구로,1
제대로,1
바로,1
추가,1
꿀,1
뚝뚝,1
보스,1
끝판,1
두괴즐,1
밀러,1
토이스토리,1
두아,1
리파,1
리틀믹스,1
지다,1
동양,1
연주,1
바보,1
그녀,1
홍,1
서영,1
허니,1
크레이지,1
엑스,1
걸프렌드,1
상처,1
옥탑방,1
왕세자,1
조선,1
로코,1
녹두,1
허각,1
온기,1
앞,1
프로,1
듀스,1
빅스,1
작곡가,1
김이나,1
오프,1
대장,1
저장,1
수민,1
콩,1
치명,1
지아,1
이현,1
낭만,1
닥터,1
사부,1
안효섭,1
노사연,1
바램,1
산울림,1
김필,1
청춘,1
혼,1
자만하는,1
긱스,1
릴,1
노,1
애플,1
아지랑이,1
직장인,1
어른,1
건,1
노을,1
충전,1
행복해서,1
미안해,1
넬,1
사이언스,1
린,1
몽,1
처음처럼,1
선선,1
각,1
잡고,1
이상은,1
해,1
명품,1
최,1
좋아했던,1
돌,1
책임,1
수하,1
쌤,1
퇴근,1
파이브,1
주제가,1
노스탤지어,1
이키모노가카리,1
평화,1
찰리,1
푸스,1
보,1
베스,1
거인,1
오스트리아,1
박,1
일정,1
디토,1
페스티벌,1
오닐,1
미래,1
월광소나타,1
레트로,1
두뇌,1
발달,1
도움,1
교육법,1
무엇,1
적용,1
여,1
이비가,1
짬뽕,1
대학,1
백서,1
대학생,1
멜로디,1
구독,1
해외,1
여유,1
고고씽,1
제이슨,1
므,1
라즈,1
에릭남,1
퀸,1
에드,1
시런,1
리믹스,1
돈,1
맥클린,1
빈센트,1
중국드라마,1
현대,1
반했어,1
강민혁,1
순대,1
누구,1
쎈,1
도봉,1
순,1
브로맨스,1
브레인,1
김연우,1
가까이,1
테마,1
다빈치코드,1
원조,1
핫젝갓알지,1
헌,1
남미,1
청량한,1
세대,1
설레지는,1
산이,1
은인,1
디노,1
추,1
조원선,1
윤상,1
단,1
여자친구,1
불멸,1
구분,1
루싸이트토끼,1
자존심,1
폰서트,1
목록,1
윤종신,1
컬러링,1
우울할,1
정승환,1
보통,1
포지션,1
진한,1
아주,1
시카고,1
타자기,1
성인,1
거,1
시원한,1
사운드,1
저격,1
탕,1
걸스,1
모두,1
구석구석,1
많아,1
훅잡,1
훅,1
핵심,1
양정여,1
조니,1
스팀,1
슨,1
루크,1
린지,1
함박눈,1
꿈속,1
고향,1
콘서트홀,1
소설,1
선택,1
아버지,1
아들,1
금수현,1
금난새,1
다산,1
책방,1
합창,1
그림,1
일기,1
헝가리,1
무곡,1
초대,1
이벤트,1
파리,1
십자가,1
소년,1
합창단,1
내한,1
바이올린,1
소나타,1
남포동,1
나담,1
커피하우스,1
한순간,1
사랑스러운,1
강렬하면서도,1
스트레스,1
시원하게,1
뉴,1
호프,1
익스트림,1
카이,1
음색,1
샹송,1
중드,1
왕,1
알함브라,1
궁전,1
미씽,1
나인,1
외로움,1
응답,1
감동,1
신비,1
아파트,1
역도,1
요정,1
복주,1
스탠딩,1
일산,1
만화,1
창,1
데스,1
스트랜딩,1
뿔,1
파트,1
투피엠,1
기술,1
에리,1
프롬,1
고찰,1
이자,1
솔로,1
하동균,1
싸이,1
노래인디,1
조정석,1
안녕,1
조피디,1
조,1
인순이,1
이수영,1
방,1
김예림,1
설렘,1
설렘한,1
피크닉,1
러브홀릭,1
도원경,1
따뜻한,1
집중,1
가면,1
최백호,1
문득,1
철,1
하루하루,1
황,1
치열,1
어찌,1
심쿵하고,1
하트,1
시그널,1
삽입곡,1
재페,1
호강,1
박재범,1
그림자,1
페리,1
캣츠,1
옥주현,1
울라프,1
리한나,1
케,1
스타,1
프,1
판,1
여정,1
합창교향곡,1
말년,1
만년,1
부천,1
루이스,1
폴,1
센텀,1
엔포,1
유,1
강좌,1
화명동,1
에스,1
쿠차,1
콜오브듀티,1
블랙,1
옵스,1
조지,1
거슈윈,1
인,1
블루,1
설날,1
온,1
즐거운,1
훔멜,1
로코코,1
안종,1
지혜,1
바다,1
촌,1
도서관,1
피겨스케이팅,1
등장,1
있다면,1
미국,1
위켄드,1
미디엄템포,1
디스코,1
본능,1
감각,1
같은데,1
뭘,1
섹시한,1
스포티파이,1
이의,1
제레미,1
터,1
동방신기,1
왕페이,1
총총,1
년,1
빠링허우,1
실버,1
아이템,1
연애,1
세포,1
폰론,1
리타,1
리,1
튜,1
데이,1
우정,1
우주,1
행성,1
후아유,1
이웃집,1
꽃미남,1
김슬기,1
사이,1
노르,1
램,1
자각몽,1
장난감,1
마이크,1
제품,1
주인공,1
나쁜,1
놈,1
최고,1
소녀시대,1
케이팝,1
투애니원,1
넘사벽,1
보석같은,1
많음,1
작곡,1
능력,1
사기,1
캐,1
키노,1
편의점,1
제이레빗,1
달리,1
이선희,1
짙은잘,1
주가,1
윤하,1
그래요,1
동안,1
그대,1
숙취,1
벚꽃,1
엔딩,1
빛,1
시스터즈,1
재개,1
김대희,1
김준호,1
신입사원,1
회식,1
타고,1
완벽한,1
악보,1
박보검,1
외,1
아이엠,1
고마워,1
속삭임,1
패닉,1
이적,1
눈치,1
투엘슨,1
뉴욕,1
업타운,1
할렘,1
맛보기,1
아이언,1
독기,1
스토리,1
왈레,1
프랑스,1
도,1
캣,1
켄시,1
자막,1
포레버,1
매니악,1
멘델스존,1
스코틀랜드,1
레닌그라드,1
안톤,1
니콜라이,1
미야스코프스키,1
무도회,1
법칙,1
인형극,1
유튜브,1
온라인,1
오아시스,1
눈부신,1
새해,1
아이언맨,1
오프닝,1
일요일,1
아니지만,1
제시제이,1
잔잔해지는,1
득템,1
음반사,1
강앤,1
뮤직,1
창모,1
프로필,1
장면,1
슬기로운,1
의사,1
그겨울,1
분다,1
구매,1
좋노,1
역대,1
오디션,1
프로그램,1
피에스타,1
짠해,1
특집,1
비운,1
님들,1
셈,1
행복해져요,1
지코,1
대해,1
구원,1
힘들고,1
조용필,1
좋아요,1
쓸쓸한,1
정서,1
계절,1
수채화,1
메들리,1
목동,1
진,1
없다,1
시우민,1
김유정,1
있나,1
최재훈,1
적극,1
나얼,1
동우,1
뭉클해지는,1
띠,1
사뭇,1
다른,1
앰비션,1
다양하게,1
재지팩트,1
탑,1
성탄절,1
장미,1
배우,1
노동요,1
독음,1
알프스,1
율,1
독서,1
논술,1
책통,1
전원교향곡,1
드레지,1
목사,1
암탉,1
비극,1
비창교향곡,1
하이,1
팅크,1
하우스,1
대구,1
용어,1
최영,1
옥,1
배경음악,1
리듬,1
블루스,1
젊은,1
층,1
히든,1
씬,1
장점,1
어벤져스,1
포스트,1
말론,1
시티,1
현충일,1
샘,1
스미스,1
예인,1
다섯,1
엔타브,1
칼림바,1
끝음,1
이뻐요,1
왕국,1
도깨비,1
실시간,1
호텔,1
델루,1
구구단,1
남,1
풍요롭,1
황민,1
현,1
김종현,1
강동호,1
행복,1
정원,1
소중한,1
장소,1
런닝맨,1
이어폰,1
필수,1
마스터,1
쿠기,1
쓰기,1
자꾸,1
임,1
승부,1
부탁,1
세련된,1
철부지,1
난의,1
양현경,1
봉숭아,1
진민호,1
켈리,1
지기독,1
싹,1
드라이브,1
어반자카파,1
유행,1
안타,1
디셈버,1
괜찮아요,1
자리,1
목보,1
처음,1
첸,1
사월,1
같아,1
위해,1
홍경민,1
고개,1
절로,1
슈프림팀,1
피곤해,1
대가,1
스나이퍼,1
더블케이,1
킹,1
콜,1
수원,1
레슨,1
자,1
알레그로,1
콘,1
신천지,1
놀람,1
박영민,1
지옥,1
천당,1
깊숙히,1
라흐마니노프,1
쿠벨릭,1
진중함을,1
작품번호,1
할로윈,1
사이트,1
베를린,1
파주,1
마을,1
어플,1
튠,1
소설가,1
무라카미,1
하루키,1
비창,1
쉬운데,1
그렇지,1
상관없이,1
무한,1
갑,1
아바,1
맥스,1
섀도우,1
라이프,1
마룬파이브,1
미카,1
담,1
해리,1
스타일,1
글,1
루미,1
선데이,1
뮬란,1
여우,1
호리,1
하천,1
강타,1
선비,1
옅은,1
여름밤,1
시크릿,1
쥬쥬,1
러블,1
최혁준,1
꼭,1
레드,1
벨벳,1
시원시원한,1
보이스,1
김태우,1
사랑비,1
플스,1
아이돌마스터,1
스텔라,1
스테이지,1
소리,1
꽃놀이,1
디,1
라운드,1
로빈,1
빨강이,1
엽서,1
슈,1
탓,1
울적한,1
아련한,1
양요섭,1
육성재,1
많하,1
정일훈,1
정찬우,1
한영,1
김용임,1
밧줄,1
로보,1
스토,1
정도,1
열,1
아홉,1
박지윤,1
먼데이키즈,1
사고뭉치,1
뭉치,1
해쉬,1
스완,1
야망,1
최근,1
칸토,1
좋아하시나요,1
듀오,1
좋다,1
정국,1
지민,1
클레멘타인,1
유즈,1
이치고,1
켈라,1
키,1
보드,1
요하네스,1
아바도,1
화,1
역사,1
매우,1
중요하다,1
휴일,1
바캉스,1
플레이어,1
구미,1
소식,1
군산,1
시립,1
영재,1
협연,1
서울,1
비올라,1
앙상블,1
나눔,1
음악회,1
기획,1
하숙집,1
쇼팽,1
왈츠,1
오페레타,1
판타지아,1
밀회,1
발견,1
광고,1
향연,1
레이,1
퇴폐,1
효찌,1
인스타,1
햇던,1
에이레,1
루쓰,1
키다리,1
성우,1
결혼,1
준비,1
토탈,1
스드메,1
웨딩,1
줄거리,1
결말,1
첫사랑,1
전람회,1
습작,1
카트,1
외침,1
디오,1
싱,1
스트리트,1
실화,1
솔직,1
플리,1
화이트,1
코디,1
세련되게,1
가시,1
민호,1
태현,1
인디밴드,1
홍대입구역,1
출구,1
씨엔블루,1
업,1
신화,1
걸,1
륩,1
없어,1
홈트,1
다이어트,1
용,1
저스트,1
나우,1
브이오에스,1
키스,1
어보,1
요가,1
사음,1
좋아,1
이동준,1
미안해요,1
편안하게,1
방탄소년단,1
친구,1
임창정,1
혼잣말,1
알,1
특이하면서,1
도청장치,1
볼,1
빨간,1
사춘기,1
비긴,1
어게인,1
자전,1
거탄,1
풍경,1
난,1
에이,1
블짐,1
장안동,1
헬스장,1
카밀라,1
도대체,1
어쿠스틱,1
박재정,1
결혼식,1
춘천,1
끝,1
멋대로,1
늦가을,1
에일리,1
하늘,1
꿈,1
치즈,1
도넛,1
차분한,1
범키,1
도끼,1
없네,1
차카,1
초코,1
몸,1
복,1
클린,1
밴딧,1
불레즈,1
사이클,1
자켓,1
음반,1
도착,1
메르,1
세일,1
지휘,1
번스타인,1
랄로,1
웅진,1
동화,1
서평,1
옐로우,1
라운지,1
카드,1
옥타곤,1
쾰른,1
음대,1
관,1
질문,1
씨디,1
법,1
토의,1
노트,1
에릭,1
사티,1
반의,1
포럼,1
장일,1
범의,1
스토리텔링,1
자연사,1
박물관,1
자연,1
동서대,1
등굣길,1
부부,1
세계,1
알렌,1
워커,1
사브리나,1
카펜터,1
파루,1
대체,1
불가,1
책,1
할배,1
마,1
조수미,1
불후의명곡,1
김소현,1
손준호,1
비교,1
여성,1
손목시계,1
메쉬,1
가격,1
서른,1
코다,1
브릿지,1
새로운,1
또,1
드라마영화,1
재미,1
배,1
김보경,1
말기,1
거북선,1
자메,1
앤덥,1
송민호,1
아스텔앤컨,1
시리즈,1
밴드,1
글렌체크,1
역시,1
감,1
둠칫둠칫,1
약간,1
병맛,1
포티,1
키홀,1
개코,1
화장,1
막,1
귀의,1
뜬금,1
없음,1
여러가지,1
객관,1
커피소년,1
편이,1
형언,1
김형,1
옛사랑,1
언제,1
노래란,1
가슴,1
관저,1
관철,1
병음,1
가을비,1
타블로,1
라인,1
모트,1
새,1
싱글,1
지금,1
뭐,1
저음,1
은하수,1
다방,1
에디터,1
변함,1
라이오넬,1
리치,1
멜로,1
브리,1
올드팝,1
그리워지는,1
워,1
너비,1
폴킴,1
역주행,1
올킬,1
궁금해,1
가끔,1
스웩,1
스트릿,1
브랜드,1
피,1
애즈원,1
요새,1
일리,1
시,1
가세,1
루루,1
자살,1
생방,1
탄생,1
주년,1
장빈,1
북,1
클립,1
전문,1
진수,1
드레스덴,1
유아,1
실로폰,1
아동,1
어린이,1
악기,1
아기,1
실,1
안전,1
좋을까요,1
모어,1
미션임파서블,1
등,1
소방관,1
응원,1
청소년,1
